0,0,0,44366

100000,0,2,44141

200000,0,5,44115

300000,0,4,44150

400000,0,0,44553

500000,0,0,44492

600000,0,3,44603

700000,0,0,44798

800000,0,0,45036

900000,0,9,45166

1000000,0,0,45292

1100000,0,5,45449

1200000,0,0,45708

1300000,0,1,45798

1400000,0,0,46149

1500000,0,0,46299

1600000,0,0,46398

1700000,0,1,46627

1800000,0,0,46702

1900000,0,1,47046

2000000,0,2,47063

2100000,0,0,47330

2200000,0,0,47479

2300000,0,1,47700

2400000,0,0,47894

2500000,0,0,48115

2600000,0,0,48225

2700000,0,0,48422

2800000,0,0,48542

2900000,0,2,48754

3000000,0,1,48900

3100000,0,0,49073

3200000,0,0,49348

3300000,0,0,49552

3400000,0,4,49661

3500000,0,3,49732

3600000,0,6,49898

3700000,0,2,50114

3800000,0,0,51368

3900000,0,0,50670

4000000,0,0,50640

4100000,0,0,50838

4200000,0,2,51030

4300000,0,3,51206

4400000,0,2,51382

4500000,0,0,51537

4600000,0,1,51821

4700000,0,3,52407

4800000,0,3,52079

4900000,0,4,52240

5000000,0,9,53387

5100000,0,2,52590

5200000,0,2,52847

5300000,0,3,53057

5400000,0,3,54304

5500000,0,2,53298

5600000,0,4,53528

5700000,0,3,55317

5800000,0,1,53909

5900000,0,3,54141

6000000,0,3,54232

6100000,0,4,54967

6200000,0,5,54713

6300000,0,3,54722

6400000,0,1,54887

6500000,0,2,55816

6600000,0,2,55288

6700000,0,3,55450

6800000,0,6,58034

6900000,0,5,55824

7000000,0,5,55992

7100000,0,2,56249

7200000,0,5,56336

7300000,0,8,56452

7400000,0,2,58002

7500000,0,1,56859

7600000,0,2,57041

7700000,0,5,57348

7800000,0,2,57374

7900000,0,7,57610

8000000,0,3,57819

8100000,0,3,58005

8200000,0,4,59085

8300000,0,5,58282

8400000,0,7,58437

8500000,0,5,58646

8600000,0,3,58884

8700000,0,3,59055

8800000,0,7,59223

8900000,0,3,59411

9000000,0,2,59515

9100000,0,4,59695

9200000,0,4,59908

9300000,0,6,60196

9400000,0,3,60336

9500000,0,3,60466

9600000,0,5,61639

9700000,0,7,60723

9800000,0,4,62987

9900000,0,0,61145

10000000,0,2,61251

10100000,0,5,61486

10200000,0,3,61661

10300000,0,2,61797

10400000,0,2,62059

10500000,0,10,62192

10600000,0,5,62390

10700000,0,5,63576

10800000,0,1,62808

10900000,0,3,64984

11000000,0,2,63126

11100000,0,5,64173

11200000,0,2,64419

11300000,0,0,63739

11400000,0,5,63795

11500000,0,3,64095

11600000,0,4,64125

11700000,0,2,64325

11800000,0,5,64517

11900000,0,7,64623

12000000,0,0,64807

12100000,0,3,65023

12200000,0,10,65201

12300000,0,3,65360

12400000,0,5,65526

12500000,0,10,65742

12600000,0,11,65948

12700000,0,6,66079

12800000,0,10,67281

12900000,0,11,66428

13000000,0,2,66681

13100000,0,7,66823

13200000,0,4,66952

13300000,0,4,68219

13400000,0,2,67358

13500000,0,8,67550

13600000,0,3,67781

13700000,0,3,67956

13800000,0,10,68271

13900000,0,1,68190

14000000,0,3,68395

14100000,0,8,68555

14200000,0,3,68738

14300000,0,9,68911

14400000,0,1,69048

14500000,0,3,69253

14600000,0,2,69443

14700000,0,5,69660

14800000,0,3,69867

14900000,0,8,70872

15000000,0,3,70168

15100000,0,5,70406

15200000,0,6,72553

15300000,0,6,71705

15400000,0,7,70955

15500000,0,3,71061

15600000,0,3,71274

15700000,0,2,73452

15800000,0,3,71746

15900000,0,6,75413

16000000,0,6,71940

16100000,0,4,72187

16200000,0,5,72270

16300000,0,7,75136

16400000,0,15,72673

16500000,0,4,72881

16600000,0,10,72968

16700000,0,9,73127

16800000,0,7,74405

16900000,0,5,73562

17000000,0,4,75369

17100000,0,6,73885

17200000,0,18,74662

17300000,0,15,74228

17400000,0,3,77678

17500000,0,2,75643

17600000,0,5,75768

17700000,0,2,75018

17800000,0,5,76144

17900000,0,4,75296

18000000,0,2,75553

18100000,0,5,75639

18200000,0,2,75881

18300000,0,3,77046

18400000,0,3,76217

18500000,0,21,78412

18600000,0,81,76768

18700000,0,75,76900

18800000,0,53,77109

18900000,0,61,78676

19000000,0,4,77275

19100000,0,4,77456

19200000,0,1,77783

19300000,0,4,77799

19400000,0,7,78112

19500000,0,0,78148

19600000,0,3,78322

19700000,0,2,80188

19800000,0,6,80637

19900000,0,5,78851

20000000,0,5,79029

20100000,0,3,79230

20200000,0,1,79444

20300000,0,2,79537

20400000,0,1,79779

20500000,0,3,80011

20600000,0,3,80118

20700000,0,3,80299

20800000,0,1,80515

20900000,0,4,81631

21000000,0,5,80860

21100000,0,5,82038

21200000,0,5,83991

21300000,0,3,81337

21400000,0,4,81496

21500000,0,5,82000

21600000,0,4,81892

21700000,0,2,87910

21800000,0,2,83210

21900000,0,7,82381

22000000,0,2,82591

22100000,0,4,82894

22200000,0,8,82981

22300000,0,3,83203

22400000,0,3,86709

22500000,0,3,85480

22600000,0,2,83625

22700000,0,2,84058

22800000,0,8,84023

22900000,0,2,84127

23000000,0,3,84377

23100000,0,4,86100

23200000,0,4,84794

23300000,0,3,90834

23400000,0,3,85034

23500000,0,0,86735

23600000,0,4,85409

23700000,0,4,86583

23800000,0,5,90748

23900000,0,4,88881

24000000,0,7,86220

24100000,0,2,86352

24200000,0,5,89593

24300000,0,2,86632

24400000,0,3,86807

24500000,0,5,87118

24600000,0,1,90180

24700000,0,9,93442

24800000,0,5,87636

24900000,0,7,88789

25000000,0,3,88851

25100000,0,2,89085

25200000,0,4,93309

25300000,0,5,88543

25400000,0,1,89557

25500000,0,5,88792

25600000,0,4,90987

25700000,0,4,89105

25800000,0,4,90306

25900000,0,1,89655

26000000,0,3,89719

26100000,0,1,93867

26200000,0,3,90066

26300000,0,2,90216

26400000,0,7,90343

26500000,0,8,97840

26600000,0,7,90752

26700000,0,1,90886

26800000,0,4,91128

26900000,0,3,98751

27000000,0,4,91712

27100000,0,2,97925

27200000,0,1,91814

27300000,0,2,92977

27400000,0,2,94341

27500000,0,2,92361

27600000,0,5,92653

27700000,0,3,96600

27800000,0,4,92840

27900000,0,1,93088

28000000,0,4,94186

28100000,0,4,93661

28200000,0,2,93617

28300000,0,3,94723

28400000,0,4,93927

28500000,0,4,98109

28600000,0,3,95251

28700000,0,4,96356

28800000,0,4,95619

28900000,0,3,94792

29000000,0,7,94976

29100000,0,3,95770

29200000,0,3,95512

29300000,0,1,99527

29400000,0,4,95700

29500000,0,0,96880

29600000,0,3,99081

29700000,0,3,96239

29800000,0,4,98404

29900000,0,4,101885

30000000,0,4,96733

30100000,0,2,96928

30200000,0,4,105047

30300000,0,4,105480

30400000,0,3,97471

30500000,0,6,97699

30600000,0,4,97776

30700000,0,6,101270

30800000,0,4,98246

30900000,0,4,101822

31000000,0,7,98543

31100000,0,3,99717

31200000,0,2,98847

31300000,0,3,100153

31400000,0,6,99222

31500000,0,2,105668

31600000,0,3,99753

31700000,0,4,109819

31800000,0,4,99969

31900000,0,4,101185

32000000,0,2,102402

32100000,0,4,100416

32200000,0,2,100640

32300000,0,3,103529

32400000,0,2,102020

32500000,0,1,101173

32600000,0,2,101376

32700000,0,7,101552

32800000,0,2,104718

32900000,0,7,102876

33000000,0,1,102084

33100000,0,7,103272

33200000,0,3,105690

33300000,0,5,102584

33400000,0,1,102744

33500000,0,5,102927

33600000,0,1,111924

33700000,0,4,103291

33800000,0,5,107129

33900000,0,4,115290

34000000,0,2,105822

34100000,0,4,105016

34200000,0,0,104171

34300000,0,2,104474

34400000,0,6,104539

34500000,0,12,112676

34600000,0,2,111643

34700000,0,5,106150

34800000,0,4,106390

34900000,0,3,107013

35000000,0,3,105618

35100000,0,3,105815

35200000,0,5,106045

35300000,0,4,106207

35400000,0,5,106457

35500000,0,5,112346

35600000,0,5,109953

35700000,0,2,109263

35800000,0,0,113253

35900000,0,1,107197

36000000,0,5,107425

36100000,0,2,110684

36200000,0,3,107788

36300000,0,3,107874

36400000,0,7,112069

36500000,0,4,113264

36600000,0,4,112549

36700000,0,2,108977

36800000,0,2,110346

36900000,0,1,112956

37000000,0,2,111887

37100000,0,1,112306

37200000,0,3,113475

37300000,0,5,118053

37400000,0,4,109916

37500000,0,4,113108

37600000,0,2,112226

37700000,0,7,124270

37800000,0,3,112797

37900000,0,3,113697

38000000,0,3,117084

38100000,0,1,111191

38200000,0,3,111477

38300000,0,1,111676

38400000,0,6,112606

38500000,0,3,112056

38600000,0,5,120992

38700000,0,5,116630

38800000,0,4,112335

38900000,0,3,117542

39000000,0,5,112652

39100000,0,4,113906

39200000,0,3,114047

39300000,0,7,121191

39400000,0,1,118959

39500000,0,5,121930

39600000,0,3,113807

39700000,0,5,127785

39800000,0,3,118159

39900000,0,13,116130

40000000,0,6,115507

40100000,0,4,116226

40200000,0,7,122819

40300000,0,6,122525

40400000,0,4,115179

40500000,0,6,125327

40600000,0,8,121510

40700000,0,3,115846

40800000,0,0,120911

40900000,0,5,119017

41000000,0,5,128073

41100000,0,7,120503

41200000,0,1,118626

41300000,0,8,116832

41400000,0,2,117064

41500000,0,1,124094

41600000,0,3,127522

41700000,0,5,120414

41800000,0,1,127305

41900000,0,6,118879

42000000,0,2,119046

42100000,0,7,130259

42200000,0,5,122393

42300000,0,7,129323

42400000,0,2,118703

42500000,0,7,122030

42600000,0,6,126146

42700000,0,5,124110

42800000,0,2,129879

42900000,0,4,119613

43000000,0,2,125855

43100000,0,3,119909

43200000,0,4,121312

43300000,0,1,121622

43400000,0,5,120490

43500000,0,2,130649

43600000,0,2,120873

43700000,0,3,120999

43800000,0,5,121152

43900000,0,0,131345

44000000,0,1,121522

44100000,0,0,124764

44200000,0,6,121881

44300000,0,2,133085

44400000,0,1,125236

44500000,0,5,122508

44600000,0,5,123399

44700000,0,4,129732

44800000,0,5,141030

44900000,0,5,123197

45000000,0,3,124397

45100000,0,7,123512

45200000,0,1,123743

45300000,0,3,123899

45400000,0,4,123970

45500000,0,6,134235

45600000,0,3,126359

45700000,0,3,128621

45800000,0,3,140730

45900000,0,2,127613

46000000,0,2,125135

46100000,0,7,126344

46200000,0,8,129292

46300000,0,5,128342

46400000,0,4,125891

46500000,0,0,128952

46600000,0,4,130125

46700000,0,13,132349

46800000,0,3,135223

46900000,0,2,130234

47000000,0,0,128073

47100000,0,1,134016

47200000,0,3,127188

47300000,0,0,130099

47400000,0,2,131168

47500000,0,7,127806

47600000,0,11,131627

47700000,0,30,128177

47800000,0,2,130941

47900000,0,4,135522

48000000,0,1,128741

48100000,0,4,129787

48200000,0,1,141185

48300000,0,4,137814

48400000,0,1,129521

48500000,0,2,142697

48600000,0,2,134621

48700000,0,5,143700

48800000,0,11,130266

48900000,0,1,130247

49000000,0,2,142962

49100000,0,4,130721

49200000,0,4,131097

49300000,0,3,131033

49400000,0,1,134796

49500000,0,2,139093

49600000,0,3,131502

49700000,0,5,137971

49800000,0,1,131819

49900000,0,3,139049

50000000,0,2,132157

50100000,0,1,140963

50200000,0,15,132681

50300000,0,1,134872

50400000,0,4,139750

50500000,0,3,144108

50600000,0,3,138048

50700000,0,0,149748

50800000,0,5,137895

50900000,0,3,134794

51000000,0,3,134948

51100000,0,3,146602

51200000,0,4,134468

51300000,0,3,134650

51400000,0,6,134671

51500000,0,2,145811

51600000,0,1,139038

51700000,0,2,146573

51800000,0,5,151374

51900000,0,2,146569

52000000,0,5,135744

52100000,0,4,136895

52200000,0,3,137178

52300000,0,6,136339

52400000,0,3,141754

52500000,0,1,143278

52600000,0,5,143492

52700000,0,4,139958

52800000,0,4,137282

52900000,0,0,141289

53000000,0,3,140524

53100000,0,5,137673

53200000,0,1,138126

53300000,0,5,138019

53400000,0,5,139260

53500000,0,2,138431

53600000,0,4,139569

53700000,0,2,140802

53800000,0,5,140840

53900000,0,2,144050

54000000,0,2,149508

54100000,0,2,143460

54200000,0,2,141435

54300000,0,4,152423

54400000,0,1,139974

54500000,0,3,140411

54600000,0,2,141337

54700000,0,2,147172

54800000,0,4,140768

54900000,0,6,143580

55000000,0,4,153062

55100000,0,3,151035

55200000,0,4,141367

55300000,0,5,141737

55400000,0,2,143795

55500000,0,4,141913

55600000,0,2,165177

55700000,0,4,162248

55800000,0,1,144400

55900000,0,3,142611

56000000,0,2,146789

56100000,0,3,144000

56200000,0,2,145245

56300000,0,1,147549

56400000,0,3,167143

56500000,0,2,147698

56600000,0,2,143952

56700000,0,4,154220

56800000,0,5,144280

56900000,0,7,145921

57000000,0,5,161851

57100000,0,2,150507

57200000,0,5,144921

57300000,0,2,165241

57400000,0,4,150328

57500000,0,1,145465

57600000,0,1,146824

57700000,0,2,159809

57800000,0,2,157103

57900000,0,5,146164

58000000,0,5,150871

58100000,0,4,168475

58200000,0,6,152885

58300000,0,3,152608

58400000,0,5,158446

58500000,0,6,147183

58600000,0,1,147436

58700000,0,3,159239

58800000,0,4,151161

58900000,0,6,160892

59000000,0,6,153250

59100000,0,4,148336

59200000,0,6,151141

59300000,0,1,153967

59400000,0,4,148785

59500000,0,6,151091

59600000,0,4,149143

59700000,0,6,150400

59800000,0,2,164448

59900000,0,5,149751

60000000,0,0,159001

60100000,0,0,153562

60200000,0,4,152267

60300000,0,2,150449

60400000,0,4,151685

60500000,0,0,152991

60600000,0,1,159721

60700000,0,0,173216

60800000,0,5,151336

60900000,0,2,156520

61000000,0,0,152676

61100000,0,3,158787

61200000,0,2,169125

61300000,0,3,159225

61400000,0,2,164385

61500000,0,3,153565

61600000,0,2,152727

61700000,0,1,162352

61800000,0,3,161133

61900000,0,4,153226

62000000,0,1,156393

62100000,0,1,153565

62200000,0,2,154796

62300000,0,3,157957

62400000,0,6,157203

62500000,0,4,158286

62600000,0,5,170507

62700000,0,1,154608

62800000,0,3,170846

62900000,0,2,159074

63000000,0,0,156133

63100000,0,2,155646

63200000,0,0,155580

63300000,0,5,162722

63400000,0,5,167009

63500000,0,5,156108

63600000,0,1,163263

63700000,0,2,165431

63800000,0,5,175353

63900000,0,4,157815

64000000,0,2,175774

64100000,0,5,165299

64200000,0,2,164308

64300000,0,12,173769

64400000,0,8,158327

64500000,0,20,167687

64600000,0,8,169439

64700000,0,8,169371

64800000,0,12,179994

64900000,0,17,187101

65000000,0,5,164695

65100000,0,1,158920

65200000,0,2,174087

65300000,0,4,159309

65400000,0,3,177678

65500000,0,3,161715

65600000,0,4,160952

65700000,0,3,160159

65800000,0,4,160146

65900000,0,5,160301

66000000,0,5,160550

66100000,0,2,169760

66200000,0,2,174987

66300000,0,6,161139

66400000,0,5,173457

66500000,0,2,176422

66600000,0,0,165902

66700000,0,3,162788

66800000,0,3,162102

66900000,0,3,162829

67000000,0,3,181524

67100000,0,1,179104

67200000,0,7,162659

67300000,0,2,181048

67400000,0,1,171985

67500000,0,3,170229

67600000,0,1,163317

67700000,0,2,171914

67800000,0,2,163685

67900000,0,4,163986

68000000,0,2,166604

68100000,0,2,165263

68200000,0,1,169603

68300000,0,3,165081

68400000,0,3,166115

68500000,0,4,165116

68600000,0,1,169099

68700000,0,3,174412

68800000,0,2,169708

68900000,0,2,166633

69000000,0,4,167779

69100000,0,3,170054

69200000,0,7,175274

69300000,0,3,179354

69400000,0,6,172516

69500000,0,1,169896

69600000,0,2,177922

